{
    "version": 1,
    "fonts": [
        {
            "font_format": "ttf",
            "font_name": "MinecraftTen",
            "version": 1,
            "font_file": "font/1638495320366306",
            "lowPerformanceCompatible": false
        }
    ],
    "font_aliases": [
        {
            "alias": "SmoothFontLatin",
            "fonts": [
                {
                    "font_reference": "MinecraftTen"
                },
                {
                    "font_reference": "unicode",
                    "font_ranges": [
                        {
                            "first": 54620,
                            "last": 54620
                        },
                        {
                            "first": 44397,
                            "last": 44397
                        },
                        {
                            "first": 50612,
                            "last": 50612
                        },
                        {
                            "first": 45824,
                            "last": 45824
                        },
                        {
                            "first": 48124,
                            "last": 48124
                        },
                        {
                            "first": 57344,
                            "last": 63743
                        }
                    ]
                }
            ]
        },
        {
            "alias": "MinecraftTenEmoticon",
            "fonts": [
                {
                    "font_reference": "MinecraftTen"
                },
                {
                    "font_reference": "unicode",
                    "font_ranges": [
                        {
                            "first": 57344,
                            "last": 63743
                        }
                    ]
                }
            ]
        },
        {
            "alias": "SmoothSmall",
            "font_scale_factor": 1,
            "fonts": [
                {
                    "font_reference": "MinecraftTen"
                },
                {
                    "font_reference": "unicode",
                    "font_ranges": [
                        {
                            "first": 54620,
                            "last": 54620
                        },
                        {
                            "first": 44397,
                            "last": 44397
                        },
                        {
                            "first": 50612,
                            "last": 50612
                        },
                        {
                            "first": 45824,
                            "last": 45824
                        },
                        {
                            "first": 48124,
                            "last": 48124
                        },
                        {
                            "first": 57344,
                            "last": 63743
                        }
                    ]
                }
            ]
        }
    ]
}