{
    "namespace": "start_about",
    "Loli_panel": {
        "type": "stack_panel",
        "anims": [
            "@setting_anim.screen_entrance_size_animation_push",
            "@setting_anim.screen_entrance_size_animation_pop",
            "@setting_anim.about_exit_size_animation_pop",
            "@setting_anim.about_exit_size_animation_push"
        ],
        "size": [
            "80%",
            "85%"
        ],
        "orientation": "vertical",
        "controls": [
            {
                "header@start_about.header": {
                    "layer": 4
                }
            },
            {
                "panel@start_about.panel5": {
                    "size": [
                        "100%",
                        "90%"
                    ]
                }
            }
        ]
    },
    "header": {
        "type": "panel",
        "size": [
            "100%",
            20
        ],
        "anchor_from": "top_middle",
        "anchor_to": "top_middle",
        "controls": [
            {
                "header_background": {
                    "type": "image",
                    "alpha": 0.8,
                    "texture": "textures/ui/header_bar_2"
                }
            },
            {
                "legacy_pocket_close_button@common.legacy_pocket_close_button": {
                    "offset": [
                        -3,
                        2
                    ]
                }
            }
        ]
    },
    "panel5": {
        "type": "panel",
        "orientation": "vertical",
        "anchor_from": "top_right",
        "anchor_to": "top_right",
        "controls": [
            {
                "start_about_screen_background_content": {
                    "type": "image",
                    "size": [
                        "100%",
                        "100%"
                    ],
                    "fill": true,
                    "layer": 2,
                    "alpha": 0.33,
                    "scale_from_starting_alpha": true,
                    "texture": "textures/ui/Black"
                }
            },
            {
                "pack": {
                    "type": "image",
                    "texture": "pack_icon",
                    "size": [
                        "default",
                        30
                    ],
                    "offset": [
                        0,
                        20
                    ],
                    "layer": 3,
                    "alpha": "@setting_anim2.anim_item_name_background_alpha_out",
                    "anchor_from": "top_middle",
                    "anchor_to": "top_middle"
                }
            },
            {
                "about@common.minecraftTenLabel": {
                    "type": "label",
                    "font_scale_factor": 1.5,
                    "offset": [
                        0,
                        55
                    ],
                    "layer": 3,
                    "text": "Loli.0",
                    "color": "yellow",
                    "anchor_from": "top_middle",
                    "anchor_to": "top_middle",
                    "bindings": [
                        {
                            "binding_name": "#about"
                        }
                    ]
                }
            },
            {
                "a": {
                    "type": "stack_panel",
                    "orientation": "vertical",
                    "offset": [
                        2,
                        5
                    ],
                    "layer": 3,
                    "anchor_from": "top_right",
                    "anchor_to": "top_right",
                    "controls": [
                        {
                            "-7": {
                                "type": "label",
                                "text": ""
                            }
                        },
                        {
                            "-6": {
                                "type": "label",
                                "text": ""
                            }
                        },
                        {
                            "-5": {
                                "type": "label",
                                "text": ""
                            }
                        },
                        {
                            "-4": {
                                "type": "label",
                                "text": ""
                            }
                        },
                        {
                            "-3": {
                                "type": "label",
                                "text": ""
                            }
                        },
                        {
                            "-2": {
                                "type": "label",
                                "text": ""
                            }
                        },
                        {
                            "-1": {
                                "type": "label",
                                "text": ""
                            }
                        },
                        {
                            "0@common.minecraftTenLabel": {
                                "type": "label",
                                "text": "Loli.1",
                                "font_scale_factor": 0.9
                            }
                        },
                        {
                            "1@common.minecraftTenLabel": {
                                "type": "label",
                                "text": "Loli.2",
                                "font_scale_factor": 0.9
                            }
                        },
                        {
                            "2@common.minecraftTenLabel": {
                                "type": "label",
                                "text": "Loli.3",
                                "font_scale_factor": 0.9
                            }
                        },
                        {
                            "3@common.minecraftTenLabel": {
                                "type": "label",
                                "text": "Loli.4",
                                "font_scale_factor": 0.9
                            }
                        },
                        {
                            "4@common.minecraftTenLabel": {
                                "type": "label",
                                "text": "Loli.5",
                                "font_scale_factor": 0.9
                            }
                        },
                        {
                            "5@common.minecraftTenLabel": {
                                "type": "label",
                                "text": "Loli.6",
                                "font_scale_factor": 0.9
                            }
                        },
                        {
                            "6@common.minecraftTenLabel": {
                                "type": "label",
                                "text": "Loli.7",
                                "font_scale_factor": 0.9
                            }
                        },
                        {
                            "7@common.minecraftTenLabel": {
                                "type": "label",
                                "text": "Loli.8",
                                "font_scale_factor": 1
                            }
                        }
                    ]
                }
            }
        ]
    },
    "Loli_main@common.base_screen": {
        "button_mappings": [
            {
                "from_button_id": "button.menu_cancel",
                "to_button_id": "button.menu_exit",
                "mapping_type": "global"
            }
        ],
        "$screen_bg_content": "tabbed_upsell.tabbed_upsell_screen_background_content",
        "$screen_content": "start_about.Loli_panel"
    }
}